<?xml version="1.0" encoding="UTF-8"?>
<metadata xml:lang="en"><Esri><CreaDate>20151019</CreaDate><CreaTime>16382000</CreaTime><ArcGISFormat>1.0</ArcGISFormat><SyncOnce>FALSE</SyncOnce><DataProperties><itemProps><itemName Sync="TRUE">H12_western_cws_Dissolve4</itemName><imsContentType Sync="TRUE" export="False">002</imsContentType><itemLocation><linkage Sync="TRUE">file://\\CWS-SALINAS\C$\Users\rapeek.AD3\Documents\ArcGIS\Default.gdb</linkage><protocol Sync="TRUE">Local Area Network</protocol></itemLocation><nativeExtBox><westBL Sync="TRUE">-384564.489500</westBL><eastBL Sync="TRUE">566275.275600</eastBL><southBL Sync="TRUE">-644920.227900</southBL><northBL Sync="TRUE">592275.797000</northBL><exTypeCode Sync="TRUE">1</exTypeCode></nativeExtBox></itemProps><coordRef><type Sync="TRUE">Geographic</type><geogcsn Sync="TRUE">GCS_North_American_1983</geogcsn><peXml Sync="TRUE">&lt;GeographicCoordinateSystem xsi:type='typens:GeographicCoordinateSystem' xmlns:xsi='http://www.w3.org/2001/XMLSchema-instance' xmlns:xs='http://www.w3.org/2001/XMLSchema' xmlns:typens='http://www.esri.com/schemas/ArcGIS/10.1'&gt;&lt;WKT&gt;GEOGCS[&amp;quot;GCS_North_American_1983&amp;quot;,DATUM[&amp;quot;D_North_American_1983&amp;quot;,SPHEROID[&amp;quot;GRS_1980&amp;quot;,6378137.0,298.257222101]],PRIMEM[&amp;quot;Greenwich&amp;quot;,0.0],UNIT[&amp;quot;Degree&amp;quot;,0.0174532925199433],AUTHORITY[&amp;quot;EPSG&amp;quot;,4269]]&lt;/WKT&gt;&lt;XOrigin&gt;-400&lt;/XOrigin&gt;&lt;YOrigin&gt;-400&lt;/YOrigin&gt;&lt;XYScale&gt;1111948722.2222221&lt;/XYScale&gt;&lt;ZOrigin&gt;-100000&lt;/ZOrigin&gt;&lt;ZScale&gt;10000&lt;/ZScale&gt;&lt;MOrigin&gt;-100000&lt;/MOrigin&gt;&lt;MScale&gt;10000&lt;/MScale&gt;&lt;XYTolerance&gt;8.9831528411952133e-009&lt;/XYTolerance&gt;&lt;ZTolerance&gt;0.001&lt;/ZTolerance&gt;&lt;MTolerance&gt;0.001&lt;/MTolerance&gt;&lt;HighPrecision&gt;true&lt;/HighPrecision&gt;&lt;LeftLongitude&gt;-180&lt;/LeftLongitude&gt;&lt;WKID&gt;4269&lt;/WKID&gt;&lt;LatestWKID&gt;4269&lt;/LatestWKID&gt;&lt;/GeographicCoordinateSystem&gt;</peXml><csUnits Sync="TRUE">Angular Unit: Degree (0.017453)</csUnits></coordRef><lineage><Process ToolSource="C:\Program Files (x86)\ArcGIS\Desktop10.0\ArcToolbox\Toolboxes\Data Management Tools.tbx\CopyFeatures" Date="20120928" Time="175924" Name="" export="">CopyFeatures in_memory\huc_layer C:\Users\nrsantos\Desktop\send.gdb\nick_test_out # 0 0 0</Process><Process ToolSource="C:\Program Files (x86)\ArcGIS\Desktop10.0\ArcToolbox\Toolboxes\Data Management Tools.tbx\CalculateField" Date="20121003" Time="132924" Name="" export="">CalculateField nick_test_out original_error !error_reason_code! PYTHON_9.3 #</Process><Process ToolSource="C:\Program Files (x86)\ArcGIS\Desktop10.0\ArcToolbox\Toolboxes\Data Management Tools.tbx\CalculateField" Date="20121003" Time="133010" Name="" export="">CalculateField nick_test_out original_error [error_reason_code] VB #</Process><Process ToolSource="C:\Program Files (x86)\ArcGIS\Desktop10.0\ArcToolbox\Toolboxes\Data Management Tools.tbx\CalculateField" Date="20121003" Time="133038" Name="" export="">CalculateField nick_test_out original_error 'a' PYTHON_9.3 #</Process><Process ToolSource="C:\Program Files (x86)\ArcGIS\Desktop10.0\ArcToolbox\Toolboxes\Data Management Tools.tbx\CalculateField" Date="20121003" Time="133111" Name="" export="">CalculateField nick_test_out original_error !error_reason_code! PYTHON_9.3 #</Process><Process ToolSource="C:\Program Files (x86)\ArcGIS\Desktop10.0\ArcToolbox\Toolboxes\Data Management Tools.tbx\CalculateField" Date="20121003" Time="133639" Name="" export="">CalculateField nick_test_out HU_12_DS '180200030802' PYTHON_9.3 #</Process><Process ToolSource="C:\Program Files (x86)\ArcGIS\Desktop10.0\ArcToolbox\Toolboxes\Data Management Tools.tbx\CalculateField" Date="20121003" Time="144004" Name="" export="">CalculateField nick_test_out error_reason_code '' PYTHON_9.3 #</Process><Process ToolSource="C:\Program Files (x86)\ArcGIS\Desktop10.0\ArcToolbox\Toolboxes\Data Management Tools.tbx\CalculateField" Date="20121003" Time="152215" Name="" export="">CalculateField nick_test_out error_reason_code '' PYTHON_9.3 #</Process><Process ToolSource="C:\Program Files (x86)\ArcGIS\Desktop10.0\ArcToolbox\Toolboxes\Data Management Tools.tbx\CalculateField" Date="20121003" Time="152336" Name="" export="">CalculateField nick_test_out error_reason_code '' PYTHON_9.3 #</Process><Process ToolSource="C:\Program Files (x86)\ArcGIS\Desktop10.0\ArcToolbox\Toolboxes\Data Management Tools.tbx\CalculateField" Date="20121003" Time="154130" Name="" export="">CalculateField nick_test_out error_reason_code '' PYTHON_9.3 #</Process><Process ToolSource="C:\Program Files (x86)\ArcGIS\Desktop10.0\ArcToolbox\Toolboxes\Data Management Tools.tbx\CalculateField" Date="20121003" Time="154147" Name="" export="">CalculateField nick_test_out error_reason_code '' PYTHON_9.3 #</Process><Process ToolSource="C:\Program Files (x86)\ArcGIS\Desktop10.0\ArcToolbox\Toolboxes\Data Management Tools.tbx\CalculateField" Date="20121003" Time="154228" Name="" export="">CalculateField nick_test_out error_reason_code '' PYTHON_9.3 #</Process><Process ToolSource="C:\Program Files (x86)\ArcGIS\Desktop10.0\ArcToolbox\Toolboxes\Data Management Tools.tbx\CalculateField" Date="20121003" Time="154247" Name="" export="">CalculateField nick_test_out error_reason_code '' PYTHON_9.3 #</Process><Process ToolSource="C:\Program Files (x86)\ArcGIS\Desktop10.0\ArcToolbox\Toolboxes\Data Management Tools.tbx\CalculateField" Date="20121003" Time="172308" Name="" export="">CalculateField nick_test_out error_reason_code '' PYTHON_9.3 #</Process><Process ToolSource="C:\Program Files (x86)\ArcGIS\Desktop10.0\ArcToolbox\Toolboxes\Data Management Tools.tbx\CalculateField" Date="20121003" Time="172512" Name="" export="">CalculateField nick_test_out error_reason_code '' PYTHON_9.3 #</Process><Process ToolSource="C:\Program Files (x86)\ArcGIS\Desktop10.0\ArcToolbox\Toolboxes\Data Management Tools.tbx\CalculateField" Date="20121003" Time="172607" Name="" export="">CalculateField nick_test_out error_reason_code '' PYTHON_9.3 #</Process><Process ToolSource="C:\Program Files (x86)\ArcGIS\Desktop10.0\ArcToolbox\Toolboxes\Data Management Tools.tbx\CalculateField" Date="20121003" Time="173739" Name="" export="">CalculateField nick_test_out error_reason_code '' PYTHON_9.3 #</Process><Process ToolSource="c:\program files (x86)\arcgis\desktop10.0\ArcToolbox\Toolboxes\Data Management Tools.tbx\Project" Date="20130702" Time="173548" Name="" export="">Project E:\common_geodata\NHD_WBD\Corrected_HUC12s.gdb\CA_HUC8_and_all_Region18 E:\common_geodata\NHD_WBD\Corrected_HUC12s.gdb\CA_HUC8_and_all_Region18_Pro1 PROJCS['NAD_1983_Albers',GEOGCS['GCS_North_American_1983',DATUM['D_North_American_1983',SPHEROID['GRS_1980',6378137.0,298.257222101]],PRIMEM['Greenwich',0.0],UNIT['Degree',0.0174532925199433]],PROJECTION['Albers'],PARAMETER['False_Easting',0.0],PARAMETER['False_Northing',0.0],PARAMETER['Central_Meridian',-96.0],PARAMETER['Standard_Parallel_1',29.5],PARAMETER['Standard_Parallel_2',45.5],PARAMETER['Latitude_Of_Origin',23.0],UNIT['Meter',1.0]] # GEOGCS['GCS_North_American_1983',DATUM['D_North_American_1983',SPHEROID['GRS_1980',6378137.0,298.257222101]],PRIMEM['Greenwich',0.0],UNIT['Degree',0.0174532925199433]]</Process><Process ToolSource="c:\program files (x86)\arcgis\desktop10.1\ArcToolbox\Toolboxes\Data Management Tools.tbx\Project" Date="20131018" Time="130911" Name="" export="">Project C:\Users\nrsantos\Code\PISCES\utils\Corrected_HUC12s.gdb\CA_HUC8_and_all_Region18_alb C:\Users\nrsantos\Code\PISCES\utils\Corrected_HUC12s.gdb\CA_HUC8_and_all_Region18_teale_alb PROJCS['NAD_1983_California_Teale_Albers',GEOGCS['GCS_North_American_1983',DATUM['D_North_American_1983',SPHEROID['GRS_1980',6378137.0,298.257222101]],PRIMEM['Greenwich',0.0],UNIT['Degree',0.0174532925199433]],PROJECTION['Albers'],PARAMETER['False_Easting',0.0],PARAMETER['False_Northing',-4000000.0],PARAMETER['Central_Meridian',-120.0],PARAMETER['Standard_Parallel_1',34.0],PARAMETER['Standard_Parallel_2',40.5],PARAMETER['Latitude_Of_Origin',0.0],UNIT['Meter',1.0]] # PROJCS['NAD_1983_Albers',GEOGCS['GCS_North_American_1983',DATUM['D_North_American_1983',SPHEROID['GRS_1980',6378137.0,298.257222101]],PRIMEM['Greenwich',0.0],UNIT['Degree',0.0174532925199433]],PROJECTION['Albers'],PARAMETER['False_Easting',0.0],PARAMETER['False_Northing',0.0],PARAMETER['Central_Meridian',-96.0],PARAMETER['Standard_Parallel_1',29.5],PARAMETER['Standard_Parallel_2',45.5],PARAMETER['Latitude_Of_Origin',23.0],UNIT['Meter',1.0]]</Process><Process ToolSource="c:\program files (x86)\arcgis\desktop10.1\ArcToolbox\Toolboxes\Data Management Tools.tbx\CopyFeatures" Date="20131024" Time="120353" Name="" export="">CopyFeatures C:\Users\nrsantos\Code\PISCES\utils\Corrected_HUC12s.gdb\CA_HUC8_and_all_Region18_teale_alb C:\Users\nrsantos\Code\PISCES\data\pisces.mdb\HUCs\HUC12FullState # 0 0 0</Process><Process ToolSource="c:\program files (x86)\arcgis\desktop10.1\ArcToolbox\Toolboxes\Analysis Tools.tbx\Union" Date="20131029" Time="100527" Name="" export="">Union "HUC12FullState #;oldHUC12FullState_Dissolve #" C:\Users\nrsantos\Documents\ArcGIS\Default.gdb\HUC12FullState_Union ALL # GAPS</Process><Process ToolSource="c:\program files (x86)\arcgis\desktop10.1\ArcToolbox\Toolboxes\Data Management Tools.tbx\Merge" Date="20131029" Time="180655" Name="" export="">Merge Coastal_HUCs;OceanHUCs;HUC12FullState C:\Users\nrsantos\Documents\ArcGIS\Default.gdb\Coastal_HUCs_Merge "HUC_8 "HUC_8" true true false 8 Text 0 0 ,First,#,Coastal_HUCs,HUC_8,-1,-1,OceanHUCs,HUC_8,-1,-1,HUC12FullState,HUC_8,-1,-1;HUC_10 "HUC_10" true true false 10 Text 0 0 ,First,#,Coastal_HUCs,HUC_10,-1,-1,OceanHUCs,HUC_10,-1,-1,HUC12FullState,HUC_10,-1,-1;HUC_12 "HUC_12" true true false 12 Text 0 0 ,First,#,Coastal_HUCs,HUC_12,-1,-1,OceanHUCs,HUC_12,-1,-1,HUC12FullState,HUC_12,-1,-1;ACRES "ACRES" true true false 8 Double 0 0 ,First,#,Coastal_HUCs,ACRES,-1,-1,OceanHUCs,ACRES,-1,-1,HUC12FullState,ACRES,-1,-1;NCONTRB_A "NCONTRB_A" true true false 8 Double 0 0 ,First,#,Coastal_HUCs,NCONTRB_A,-1,-1,OceanHUCs,NCONTRB_A,-1,-1,HUC12FullState,NCONTRB_A,-1,-1;HU_10_GNIS "HU_10_GNIS" true true false 23 Text 0 0 ,First,#,Coastal_HUCs,HU_10_GNIS,-1,-1,OceanHUCs,HU_10_GNIS,-1,-1,HUC12FullState,HU_10_GNIS,-1,-1;HU_12_GNIS "HU_12_GNIS" true true false 23 Text 0 0 ,First,#,Coastal_HUCs,HU_12_GNIS,-1,-1,OceanHUCs,HU_12_GNIS,-1,-1,HUC12FullState,HU_12_GNIS,-1,-1;HU_10_DS "HU_10_DS" true true false 10 Text 0 0 ,First,#,Coastal_HUCs,HU_10_DS,-1,-1,OceanHUCs,HU_10_DS,-1,-1,HUC12FullState,HU_10_DS,-1,-1;HU_10_NAME "HU_10_NAME" true true false 80 Text 0 0 ,First,#,Coastal_HUCs,HU_10_NAME,-1,-1,OceanHUCs,HU_10_NAME,-1,-1,HUC12FullState,HU_10_NAME,-1,-1;HU_10_MOD "HU_10_MOD" true true false 20 Text 0 0 ,First,#,Coastal_HUCs,HU_10_MOD,-1,-1,OceanHUCs,HU_10_MOD,-1,-1,HUC12FullState,HU_10_MOD,-1,-1;HU_10_TYPE "HU_10_TYPE" true true false 1 Text 0 0 ,First,#,Coastal_HUCs,HU_10_TYPE,-1,-1,OceanHUCs,HU_10_TYPE,-1,-1,HUC12FullState,HU_10_TYPE,-1,-1;HU_12_DS "HU_12_DS" true true false 12 Text 0 0 ,First,#,Coastal_HUCs,HU_12_DS,-1,-1,OceanHUCs,HU_12_DS,-1,-1,HUC12FullState,HU_12_DS,-1,-1;HU_12_NAME "HU_12_NAME" true true false 80 Text 0 0 ,First,#,Coastal_HUCs,HU_12_NAME,-1,-1,OceanHUCs,HU_12_NAME,-1,-1,HUC12FullState,HU_12_NAME,-1,-1;HU_12_MOD "HU_12_MOD" true true false 20 Text 0 0 ,First,#,Coastal_HUCs,HU_12_MOD,-1,-1,OceanHUCs,HU_12_MOD,-1,-1,HUC12FullState,HU_12_MOD,-1,-1;HU_12_TYPE "HU_12_TYPE" true true false 1 Text 0 0 ,First,#,Coastal_HUCs,HU_12_TYPE,-1,-1,OceanHUCs,HU_12_TYPE,-1,-1,HUC12FullState,HU_12_TYPE,-1,-1;META_ID "META_ID" true true false 4 Text 0 0 ,First,#,Coastal_HUCs,META_ID,-1,-1,OceanHUCs,META_ID,-1,-1,HUC12FullState,META_ID,-1,-1;STATES "STATES" true true false 20 Text 0 0 ,First,#,Coastal_HUCs,STATES,-1,-1,OceanHUCs,STATES,-1,-1,HUC12FullState,STATES,-1,-1;error_reason_code "error_reason_code" true true false 2147483647 Text 0 0 ,First,#,Coastal_HUCs,error_reason_code,-1,-1,OceanHUCs,error_reason_code,-1,-1,HUC12FullState,error_reason_code,-1,-1;description "description" true true false 2147483647 Text 0 0 ,First,#,Coastal_HUCs,description,-1,-1,OceanHUCs,description,-1,-1,HUC12FullState,description,-1,-1;original_error "original_error" true true false 2147483647 Text 0 0 ,First,#,Coastal_HUCs,original_error,-1,-1,OceanHUCs,original_error,-1,-1,HUC12FullState,original_error,-1,-1;correction "correction" true true false 2147483647 Text 0 0 ,First,#,Coastal_HUCs,correction,-1,-1,OceanHUCs,correction,-1,-1,HUC12FullState,correction,-1,-1;source "source" true true false 2147483647 Text 0 0 ,First,#,Coastal_HUCs,source,-1,-1,OceanHUCs,source,-1,-1,HUC12FullState,source,-1,-1;SHAPE_Length "SHAPE_Length" false true true 8 Double 0 0 ,First,#,Coastal_HUCs,SHAPE_Length,-1,-1,OceanHUCs,SHAPE_Length,-1,-1,HUC12FullState,SHAPE_Length,-1,-1;SHAPE_Area "SHAPE_Area" false true true 8 Double 0 0 ,First,#,Coastal_HUCs,SHAPE_Area,-1,-1,OceanHUCs,SHAPE_Area,-1,-1,HUC12FullState,SHAPE_Area,-1,-1"</Process><Process ToolSource="c:\program files (x86)\arcgis\desktop10.0\ArcToolbox\Toolboxes\Conversion Tools.tbx\FeatureClassToFeatureClass" Date="20131030" Time="120550" Name="" export="">FeatureClassToFeatureClass C:\Users\nrsantos\Desktop\HUC_12s_CWS_Mod_10.0.gdb\HUC12_AllCABasins_and_HUC8_CWSMod E:\common_geodata\NHD_WBD\Corrected_HUC12s.gdb CA_HUC8_and_all_Region18_teale_CWS # "HUC_8 "HUC_8" true true false 8 Text 0 0 ,First,#,C:\Users\nrsantos\Desktop\HUC_12s_CWS_Mod_10.0.gdb\HUC12_AllCABasins_and_HUC8_CWSMod,HUC_8,-1,-1;HUC_10 "HUC_10" true true false 10 Text 0 0 ,First,#,C:\Users\nrsantos\Desktop\HUC_12s_CWS_Mod_10.0.gdb\HUC12_AllCABasins_and_HUC8_CWSMod,HUC_10,-1,-1;HUC_12 "HUC_12" true true false 12 Text 0 0 ,First,#,C:\Users\nrsantos\Desktop\HUC_12s_CWS_Mod_10.0.gdb\HUC12_AllCABasins_and_HUC8_CWSMod,HUC_12,-1,-1;ACRES "ACRES" true true false 8 Double 0 0 ,First,#,C:\Users\nrsantos\Desktop\HUC_12s_CWS_Mod_10.0.gdb\HUC12_AllCABasins_and_HUC8_CWSMod,ACRES,-1,-1;NCONTRB_A "NCONTRB_A" true true false 8 Double 0 0 ,First,#,C:\Users\nrsantos\Desktop\HUC_12s_CWS_Mod_10.0.gdb\HUC12_AllCABasins_and_HUC8_CWSMod,NCONTRB_A,-1,-1;HU_10_GNIS "HU_10_GNIS" true true false 23 Text 0 0 ,First,#,C:\Users\nrsantos\Desktop\HUC_12s_CWS_Mod_10.0.gdb\HUC12_AllCABasins_and_HUC8_CWSMod,HU_10_GNIS,-1,-1;HU_12_GNIS "HU_12_GNIS" true true false 23 Text 0 0 ,First,#,C:\Users\nrsantos\Desktop\HUC_12s_CWS_Mod_10.0.gdb\HUC12_AllCABasins_and_HUC8_CWSMod,HU_12_GNIS,-1,-1;HU_10_DS "HU_10_DS" true true false 10 Text 0 0 ,First,#,C:\Users\nrsantos\Desktop\HUC_12s_CWS_Mod_10.0.gdb\HUC12_AllCABasins_and_HUC8_CWSMod,HU_10_DS,-1,-1;HU_10_NAME "HU_10_NAME" true true false 80 Text 0 0 ,First,#,C:\Users\nrsantos\Desktop\HUC_12s_CWS_Mod_10.0.gdb\HUC12_AllCABasins_and_HUC8_CWSMod,HU_10_NAME,-1,-1;HU_10_MOD "HU_10_MOD" true true false 20 Text 0 0 ,First,#,C:\Users\nrsantos\Desktop\HUC_12s_CWS_Mod_10.0.gdb\HUC12_AllCABasins_and_HUC8_CWSMod,HU_10_MOD,-1,-1;HU_10_TYPE "HU_10_TYPE" true true false 1 Text 0 0 ,First,#,C:\Users\nrsantos\Desktop\HUC_12s_CWS_Mod_10.0.gdb\HUC12_AllCABasins_and_HUC8_CWSMod,HU_10_TYPE,-1,-1;HU_12_DS "HU_12_DS" true true false 12 Text 0 0 ,First,#,C:\Users\nrsantos\Desktop\HUC_12s_CWS_Mod_10.0.gdb\HUC12_AllCABasins_and_HUC8_CWSMod,HU_12_DS,-1,-1;HU_12_NAME "HU_12_NAME" true true false 80 Text 0 0 ,First,#,C:\Users\nrsantos\Desktop\HUC_12s_CWS_Mod_10.0.gdb\HUC12_AllCABasins_and_HUC8_CWSMod,HU_12_NAME,-1,-1;HU_12_MOD "HU_12_MOD" true true false 20 Text 0 0 ,First,#,C:\Users\nrsantos\Desktop\HUC_12s_CWS_Mod_10.0.gdb\HUC12_AllCABasins_and_HUC8_CWSMod,HU_12_MOD,-1,-1;HU_12_TYPE "HU_12_TYPE" true true false 1 Text 0 0 ,First,#,C:\Users\nrsantos\Desktop\HUC_12s_CWS_Mod_10.0.gdb\HUC12_AllCABasins_and_HUC8_CWSMod,HU_12_TYPE,-1,-1;META_ID "META_ID" true true false 4 Text 0 0 ,First,#,C:\Users\nrsantos\Desktop\HUC_12s_CWS_Mod_10.0.gdb\HUC12_AllCABasins_and_HUC8_CWSMod,META_ID,-1,-1;STATES "STATES" true true false 20 Text 0 0 ,First,#,C:\Users\nrsantos\Desktop\HUC_12s_CWS_Mod_10.0.gdb\HUC12_AllCABasins_and_HUC8_CWSMod,STATES,-1,-1;error_reason_code "error_reason_code" true true false 2147483647 Text 0 0 ,First,#,C:\Users\nrsantos\Desktop\HUC_12s_CWS_Mod_10.0.gdb\HUC12_AllCABasins_and_HUC8_CWSMod,error_reason_code,-1,-1;description "description" true true false 2147483647 Text 0 0 ,First,#,C:\Users\nrsantos\Desktop\HUC_12s_CWS_Mod_10.0.gdb\HUC12_AllCABasins_and_HUC8_CWSMod,description,-1,-1;original_error "original_error" true true false 2147483647 Text 0 0 ,First,#,C:\Users\nrsantos\Desktop\HUC_12s_CWS_Mod_10.0.gdb\HUC12_AllCABasins_and_HUC8_CWSMod,original_error,-1,-1;correction "correction" true true false 2147483647 Text 0 0 ,First,#,C:\Users\nrsantos\Desktop\HUC_12s_CWS_Mod_10.0.gdb\HUC12_AllCABasins_and_HUC8_CWSMod,correction,-1,-1;source "source" true true false 2147483647 Text 0 0 ,First,#,C:\Users\nrsantos\Desktop\HUC_12s_CWS_Mod_10.0.gdb\HUC12_AllCABasins_and_HUC8_CWSMod,source,-1,-1;Shape_Length "Shape_Length" false true true 8 Double 0 0 ,First,#,C:\Users\nrsantos\Desktop\HUC_12s_CWS_Mod_10.0.gdb\HUC12_AllCABasins_and_HUC8_CWSMod,Shape_Length,-1,-1;Shape_Area "Shape_Area" false true true 8 Double 0 0 ,First,#,C:\Users\nrsantos\Desktop\HUC_12s_CWS_Mod_10.0.gdb\HUC12_AllCABasins_and_HUC8_CWSMod,Shape_Area,-1,-1" #</Process><Process ToolSource="C:\Program Files (x86)\ArcGIS\Desktop10.0\ArcToolbox\Toolboxes\Data Management Tools.tbx\CalculateField" Date="20131030" Time="141910" Name="" export="">CalculateField CA_HUC8_and_all_Region18_teale_CWS HUC_10 slicer(!HUC_10!) PYTHON_9.3 "def slicer(val):\n  return "M" + val[1:]"</Process><Process ToolSource="C:\Program Files (x86)\ArcGIS\Desktop10.0\ArcToolbox\Toolboxes\Data Management Tools.tbx\CalculateField" Date="20131030" Time="142031" Name="" export="">CalculateField CA_HUC8_and_all_Region18_teale_CWS HUC_8 slicer( !HUC_8!) PYTHON_9.3 "def slicer(val):\n  return "M" + val[1:]"</Process><Process ToolSource="c:\program files (x86)\arcgis\desktop10.0\ArcToolbox\Toolboxes\Data Management Tools.tbx\Merge" Date="20131030" Time="143929" Name="" export="">Merge CA_HUC8_and_all_Region18_teale_CWS;HUC12Temp E:\Home\nrsantos\Private\Home.gdb\CA_HUC8_and_all_Region18_tea "HUC_8 "HUC_8" true true false 8 Text 0 0 ,First,#,CA_HUC8_and_all_Region18_teale_CWS,HUC_8,-1,-1,HUC12Temp,HUC_8,-1,-1;HUC_10 "HUC_10" true true false 10 Text 0 0 ,First,#,CA_HUC8_and_all_Region18_teale_CWS,HUC_10,-1,-1,HUC12Temp,HUC_10,-1,-1;HUC_12 "HUC_12" true true false 12 Text 0 0 ,First,#,CA_HUC8_and_all_Region18_teale_CWS,HUC_12,-1,-1,HUC12Temp,HUC_12,-1,-1;ACRES "ACRES" true true false 8 Double 0 0 ,First,#,CA_HUC8_and_all_Region18_teale_CWS,ACRES,-1,-1,HUC12Temp,ACRES,-1,-1;NCONTRB_A "NCONTRB_A" true true false 8 Double 0 0 ,First,#,CA_HUC8_and_all_Region18_teale_CWS,NCONTRB_A,-1,-1,HUC12Temp,NCONTRB_A,-1,-1;HU_10_GNIS "HU_10_GNIS" true true false 23 Text 0 0 ,First,#,CA_HUC8_and_all_Region18_teale_CWS,HU_10_GNIS,-1,-1,HUC12Temp,HU_10_GNIS,-1,-1;HU_12_GNIS "HU_12_GNIS" true true false 23 Text 0 0 ,First,#,CA_HUC8_and_all_Region18_teale_CWS,HU_12_GNIS,-1,-1,HUC12Temp,HU_12_GNIS,-1,-1;HU_10_DS "HU_10_DS" true true false 10 Text 0 0 ,First,#,CA_HUC8_and_all_Region18_teale_CWS,HU_10_DS,-1,-1,HUC12Temp,HU_10_DS,-1,-1;HU_10_NAME "HU_10_NAME" true true false 80 Text 0 0 ,First,#,CA_HUC8_and_all_Region18_teale_CWS,HU_10_NAME,-1,-1,HUC12Temp,HU_10_NAME,-1,-1;HU_10_MOD "HU_10_MOD" true true false 20 Text 0 0 ,First,#,CA_HUC8_and_all_Region18_teale_CWS,HU_10_MOD,-1,-1,HUC12Temp,HU_10_MOD,-1,-1;HU_10_TYPE "HU_10_TYPE" true true false 1 Text 0 0 ,First,#,CA_HUC8_and_all_Region18_teale_CWS,HU_10_TYPE,-1,-1,HUC12Temp,HU_10_TYPE,-1,-1;HU_12_DS "HU_12_DS" true true false 12 Text 0 0 ,First,#,CA_HUC8_and_all_Region18_teale_CWS,HU_12_DS,-1,-1,HUC12Temp,HU_12_DS,-1,-1;HU_12_NAME "HU_12_NAME" true true false 80 Text 0 0 ,First,#,CA_HUC8_and_all_Region18_teale_CWS,HU_12_NAME,-1,-1,HUC12Temp,HU_12_NAME,-1,-1;HU_12_MOD "HU_12_MOD" true true false 20 Text 0 0 ,First,#,CA_HUC8_and_all_Region18_teale_CWS,HU_12_MOD,-1,-1,HUC12Temp,HU_12_MOD,-1,-1;HU_12_TYPE "HU_12_TYPE" true true false 1 Text 0 0 ,First,#,CA_HUC8_and_all_Region18_teale_CWS,HU_12_TYPE,-1,-1,HUC12Temp,HU_12_TYPE,-1,-1;META_ID "META_ID" true true false 4 Text 0 0 ,First,#,CA_HUC8_and_all_Region18_teale_CWS,META_ID,-1,-1,HUC12Temp,META_ID,-1,-1;STATES "STATES" true true false 20 Text 0 0 ,First,#,CA_HUC8_and_all_Region18_teale_CWS,STATES,-1,-1,HUC12Temp,STATES,-1,-1;Shape_Length "Shape_Length" false true true 8 Double 0 0 ,First,#,CA_HUC8_and_all_Region18_teale_CWS,Shape_Length,-1,-1,HUC12Temp,SHAPE_Length,-1,-1;Shape_Area "Shape_Area" false true true 8 Double 0 0 ,First,#,CA_HUC8_and_all_Region18_teale_CWS,Shape_Area,-1,-1,HUC12Temp,SHAPE_Area,-1,-1"</Process><Process ToolSource="c:\program files (x86)\arcgis\desktop10.0\ArcToolbox\Toolboxes\Analysis Tools.tbx\Erase" Date="20131106" Time="132701">Erase Western_US_HUC12s_2013_update_teale_CWS HUC12FullState E:\Home\nrsantos\Private\Home.gdb\Western_US_HUC12s_2013_updat #</Process><Process ToolSource="c:\program files (x86)\arcgis\desktop10.0\ArcToolbox\Toolboxes\Data Management Tools.tbx\Merge" Date="20131106" Time="133459">Merge Western_US_HUC12s_2013_updat;HUC12FullState E:\Home\nrsantos\Private\Home.gdb\Western_US_HUC12s_2013_updat1 "HUC_8 "HUC_8" true true false 8 Text 0 0 ,First,#,Western_US_HUC12s_2013_updat,HUC_8,-1,-1,HUC12FullState,HUC_8,-1,-1;HUC_10 "HUC_10" true true false 10 Text 0 0 ,First,#,Western_US_HUC12s_2013_updat,HUC_10,-1,-1,HUC12FullState,HUC_10,-1,-1;HUC_12 "HUC_12" true true false 12 Text 0 0 ,First,#,Western_US_HUC12s_2013_updat,HUC_12,-1,-1,HUC12FullState,HUC_12,-1,-1;ACRES "ACRES" true true false 8 Double 0 0 ,First,#,Western_US_HUC12s_2013_updat,ACRES,-1,-1,HUC12FullState,ACRES,-1,-1;NCONTRB_A "NCONTRB_A" true true false 8 Double 0 0 ,First,#,Western_US_HUC12s_2013_updat,NCONTRB_A,-1,-1,HUC12FullState,NCONTRB_A,-1,-1;HU_10_GNIS "HU_10_GNIS" true true false 23 Text 0 0 ,First,#,Western_US_HUC12s_2013_updat,HU_10_GNIS,-1,-1,HUC12FullState,HU_10_GNIS,-1,-1;HU_12_GNIS "HU_12_GNIS" true true false 23 Text 0 0 ,First,#,Western_US_HUC12s_2013_updat,HU_12_GNIS,-1,-1,HUC12FullState,HU_12_GNIS,-1,-1;HU_10_DS "HU_10_DS" true true false 10 Text 0 0 ,First,#,Western_US_HUC12s_2013_updat,HU_10_DS,-1,-1,HUC12FullState,HU_10_DS,-1,-1;HU_10_NAME "HU_10_NAME" true true false 80 Text 0 0 ,First,#,Western_US_HUC12s_2013_updat,HU_10_NAME,-1,-1,HUC12FullState,HU_10_NAME,-1,-1;HU_10_MOD "HU_10_MOD" true true false 20 Text 0 0 ,First,#,Western_US_HUC12s_2013_updat,HU_10_MOD,-1,-1,HUC12FullState,HU_10_MOD,-1,-1;HU_10_TYPE "HU_10_TYPE" true true false 1 Text 0 0 ,First,#,Western_US_HUC12s_2013_updat,HU_10_TYPE,-1,-1,HUC12FullState,HU_10_TYPE,-1,-1;HU_12_DS "HU_12_DS" true true false 12 Text 0 0 ,First,#,Western_US_HUC12s_2013_updat,HU_12_DS,-1,-1,HUC12FullState,HU_12_DS,-1,-1;HU_12_NAME "HU_12_NAME" true true false 80 Text 0 0 ,First,#,Western_US_HUC12s_2013_updat,HU_12_NAME,-1,-1,HUC12FullState,HU_12_NAME,-1,-1;HU_12_MOD "HU_12_MOD" true true false 20 Text 0 0 ,First,#,Western_US_HUC12s_2013_updat,HU_12_MOD,-1,-1,HUC12FullState,HU_12_MOD,-1,-1;HU_12_TYPE "HU_12_TYPE" true true false 1 Text 0 0 ,First,#,Western_US_HUC12s_2013_updat,HU_12_TYPE,-1,-1,HUC12FullState,HU_12_TYPE,-1,-1;META_ID "META_ID" true true false 4 Text 0 0 ,First,#,Western_US_HUC12s_2013_updat,META_ID,-1,-1,HUC12FullState,META_ID,-1,-1;STATES "STATES" true true false 20 Text 0 0 ,First,#,Western_US_HUC12s_2013_updat,STATES,-1,-1,HUC12FullState,STATES,-1,-1;Shape_Length "Shape_Length" false true true 8 Double 0 0 ,First,#,Western_US_HUC12s_2013_updat,Shape_Length,-1,-1,HUC12FullState,Shape_Length,-1,-1;Shape_Area "Shape_Area" false true true 8 Double 0 0 ,First,#,Western_US_HUC12s_2013_updat,Shape_Area,-1,-1,HUC12FullState,Shape_Area,-1,-1"</Process><Process ToolSource="c:\program files (x86)\arcgis\desktop10.2\ArcToolbox\Toolboxes\Data Management Tools.tbx\CalculateField" Date="20151019" Time="162414">CalculateField H12_western_cws HU_6 Left( [HUC_8], 6) VB #</Process><Process ToolSource="c:\program files (x86)\arcgis\desktop10.2\ArcToolbox\Toolboxes\Data Management Tools.tbx\CalculateField" Date="20151019" Time="162954">CalculateField H12_western_cws H6_str Left( [HUC_8], 6 ) VB #</Process><Process ToolSource="c:\program files (x86)\arcgis\desktop10.2\ArcToolbox\Toolboxes\Data Management Tools.tbx\CalculateField" Date="20151019" Time="163040">CalculateField H12_western_cws H6_str Left( [HUC_8], 6 ) VB #</Process></lineage></DataProperties><SyncDate>20151019</SyncDate><SyncTime>16332600</SyncTime><ModDate>20151019</ModDate><ModTime>16332600</ModTime><ArcGISProfile>ItemDescription</ArcGISProfile><ArcGISstyle>FGDC CSDGM Metadata</ArcGISstyle><scaleRange><minScale>150000000</minScale><maxScale>50000</maxScale></scaleRange></Esri><dataIdInfo><envirDesc Sync="TRUE">Microsoft Windows 7 Version 6.1 (Build 7601) Service Pack 1; Esri ArcGIS 10.2.1.3497</envirDesc><dataLang><languageCode value="eng" country="USA"/><countryCode value="USA" Sync="TRUE"/></dataLang><idCitation xmlns=""><resTitle Sync="FALSE">Western US HUC12s</resTitle><presForm xmlns=""><PresFormCd value="001"/></presForm></idCitation><descKeys><thesaName uuidref="723f6998-058e-11dc-8314-0800200c9a66"/><keyword Sync="TRUE">002</keyword></descKeys><spatRpType><SpatRepTypCd value="001"/></spatRpType><idPurp>This layer is HUC12s for all of the Western United States with special modifications for CA. It has been run through a tool that validated the HU_12_DS attribute based on a series of rules, and then the attribute was corrected for those that were wrong. So far, only the California HUC12s have been corrected. This layer also underwent further nonstandard modifications to CA that make it somewhat incompatible with other HUC12 layers. See following sections</idPurp><searchKeys><keyword>HUC12</keyword><keyword>HUCs</keyword><keyword>HUC</keyword><keyword>Hydrologic Unit Codes</keyword><keyword>California</keyword></searchKeys><idCredit>Nick Santos, UC Davis Center for Watershed Sciences
nrsantos@ucdavis.edu</idCredit><dataExt xmlns=""><geoEle xmlns=""><GeoBndBox esriExtentType="search"><exTypeCode Sync="TRUE">1</exTypeCode><westBL Sync="TRUE">-124.718638</westBL><eastBL Sync="TRUE">-113.058443</eastBL><northBL Sync="TRUE">43.353144</northBL><southBL Sync="TRUE">32.044528</southBL></GeoBndBox></geoEle><exDesc>This layer is HUC12s for all NHD regions that contact CA, or are upstream catchments of regions touching CA. It has been run through a tool that validated the HU_12_DS attribute based on a series of rules, and then the attribute was corrected for those that were wrong. So far, only the California HUC12s have been corrected. </exDesc><tempEle><TempExtent><exTemp><TM_Period xmlns=""><tmBegin>2012-01-01T00:00:00</tmBegin><tmEnd>2014-12-31T00:00:00</tmEnd></TM_Period></exTemp></TempExtent></tempEle></dataExt><dataChar><CharSetCd value="004"/></dataChar><idStatus><ProgCd value="001"/></idStatus><resMaint xmlns=""><maintFreq><MaintFreqCd value="011"/></maintFreq></resMaint><idAbs>&lt;DIV STYLE="text-align:Left;"&gt;&lt;DIV&gt;&lt;DIV&gt;&lt;P&gt;&lt;SPAN&gt;This layer was derived from the CWS Western_US_HUCs layer and developed to be the consistent HUC12 layer in use at the UC Davis Center for Watershed Sciences. In additiion to making a few corrections to the HU_12_DS fields, we chopped off the coastal buffer for California watersheds on the HUC12s using the following methods:&lt;/SPAN&gt;&lt;/P&gt;&lt;OL&gt;&lt;LI&gt;&lt;P&gt;&lt;SPAN&gt;We had an old copy of the HUC12s without the coastal buffer (~January 2011).&lt;/SPAN&gt;&lt;/P&gt;&lt;/LI&gt;&lt;LI&gt;&lt;P&gt;&lt;SPAN&gt;Select all HUCs in this layer with HU_12_DS of Ocean.&lt;/SPAN&gt;&lt;/P&gt;&lt;/LI&gt;&lt;LI&gt;&lt;P&gt;&lt;SPAN&gt;Intersect the layer with the older layer, generating split coastal HUC12s.&lt;/SPAN&gt;&lt;/P&gt;&lt;/LI&gt;&lt;LI&gt;&lt;P&gt;&lt;SPAN&gt;Select all polygons that are offshore. Change ID so that the first digit is now an M (instead of a 1. Stands for modified. "O" for ocean was considered, but looked too much like a zero)&lt;/SPAN&gt;&lt;/P&gt;&lt;/LI&gt;&lt;LI&gt;&lt;P&gt;&lt;SPAN&gt;remove the Ocean flowing HUCs from the original layer,&lt;/SPAN&gt;&lt;/P&gt;&lt;/LI&gt;&lt;LI&gt;&lt;P&gt;&lt;SPAN&gt;Merge in the new split HUCs&lt;/SPAN&gt;&lt;/P&gt;&lt;/LI&gt;&lt;/OL&gt;&lt;/DIV&gt;&lt;/DIV&gt;&lt;/DIV&gt;</idAbs><tpCat><TopicCatCd value="007"/></tpCat></dataIdInfo><mdLang><languageCode value="eng"/><countryCode value="USA" Sync="TRUE"/></mdLang><mdChar><CharSetCd value="004"/></mdChar><distInfo xmlns=""><distFormat xmlns=""><formatName Sync="TRUE">File Geodatabase Feature Class</formatName><formatVer>10.1</formatVer></distFormat></distInfo><mdHrLv><ScopeCd value="005"/></mdHrLv><mdHrLvName Sync="TRUE">dataset</mdHrLvName><refSysInfo><RefSystem><refSysID><identCode code="4269"/><idCodeSpace Sync="TRUE">EPSG</idCodeSpace><idVersion Sync="TRUE">8.2.6</idVersion></refSysID></RefSystem></refSysInfo><spdoinfo><ptvctinf><esriterm Name="H12_western_cws_Dissolve4"><efeatyp Sync="TRUE">Simple</efeatyp><efeageom code="4" Sync="TRUE"></efeageom><esritopo Sync="TRUE">FALSE</esritopo><efeacnt Sync="TRUE">0</efeacnt><spindex Sync="TRUE">TRUE</spindex><linrefer Sync="TRUE">FALSE</linrefer></esriterm></ptvctinf></spdoinfo><spatRepInfo><VectSpatRep><geometObjs Name="H12_western_cws_Dissolve4"><geoObjTyp><GeoObjTypCd value="002" Sync="TRUE"></GeoObjTypCd></geoObjTyp><geoObjCnt Sync="TRUE">0</geoObjCnt></geometObjs><topLvl><TopoLevCd value="001" Sync="TRUE"></TopoLevCd></topLvl></VectSpatRep></spatRepInfo><eainfo><detailed Name="H12_western_cws_Dissolve4" xmlns=""><enttyp><enttypl Sync="TRUE">H12_western_cws_Dissolve4</enttypl><enttypt Sync="TRUE">Feature Class</enttypt><enttypc Sync="TRUE">0</enttypc></enttyp><attr><attrlabl Sync="TRUE">OBJECTID</attrlabl><attalias Sync="TRUE">OBJECTID</attalias><attrtype Sync="TRUE">OID</attrtype><attwidth Sync="TRUE">4</attwidth><atprecis Sync="TRUE">0</atprecis><attscale Sync="TRUE">0</attscale><attrdef Sync="TRUE">Internal feature number.</attrdef><attrdefs Sync="TRUE">ESRI</attrdefs><attrdomv><udom Sync="TRUE">Sequential unique whole numbers that are automatically generated.</udom></attrdomv></attr><attr><attrlabl Sync="TRUE">SHAPE</attrlabl><attalias Sync="TRUE">Shape</attalias><attrtype Sync="TRUE">Geometry</attrtype><attwidth Sync="TRUE">0</attwidth><atprecis Sync="TRUE">0</atprecis><attscale Sync="TRUE">0</attscale><attrdef Sync="TRUE">Feature geometry.</attrdef><attrdefs Sync="TRUE">ESRI</attrdefs><attrdomv><udom Sync="TRUE">Coordinates defining the features.</udom></attrdomv></attr><attr><attrlabl Sync="TRUE">H6_str</attrlabl><attalias Sync="TRUE">H6_str</attalias><attrtype Sync="TRUE">String</attrtype><attwidth Sync="TRUE">8</attwidth><atprecis Sync="TRUE">0</atprecis><attscale Sync="TRUE">0</attscale></attr><attr><attrlabl Sync="TRUE">SHAPE_Length</attrlabl><attalias Sync="TRUE">Shape_Length</attalias><attrtype Sync="TRUE">Double</attrtype><attwidth Sync="TRUE">8</attwidth><atprecis Sync="TRUE">0</atprecis><attscale Sync="TRUE">0</attscale><attrdef Sync="TRUE">Length of feature in internal units.</attrdef><attrdefs Sync="TRUE">ESRI</attrdefs><attrdomv><udom Sync="TRUE">Positive real numbers that are automatically generated.</udom></attrdomv></attr><attr><attrlabl Sync="TRUE">SHAPE_Area</attrlabl><attalias Sync="TRUE">Shape_Area</attalias><attrtype Sync="TRUE">Double</attrtype><attwidth Sync="TRUE">8</attwidth><atprecis Sync="TRUE">0</atprecis><attscale Sync="TRUE">0</attscale><attrdef Sync="TRUE">Area of feature in internal units squared.</attrdef><attrdefs Sync="TRUE">ESRI</attrdefs><attrdomv><udom Sync="TRUE">Positive real numbers that are automatically generated.</udom></attrdomv></attr></detailed></eainfo><mdDateSt Sync="TRUE">20151019</mdDateSt></metadata>
