"","bear","bear-grhn","bear-sth2","bear-stha","bear-sthc","deer-clec","eel","fea-beanck","fea-spanish-bgulch","fea-spanish-silverck","fea-spanishck","mad-mapleck","mad-redwoodck","mad-redwoodck2","mat-bearriver","mat-lowermattole","mfa-amec","mfa-gasc","mfa-todc","mfy-oregck","mfy-us-oh","nfa","nfa-bunc","nfa-euchds","nfa-euchus","nfa-indc","nfa-pond","nfa-robr","nfa-saic","nfa-shic","nfa-slar","nff-poe","nfmfa-sc","nfy","nfy-slate-cgrav","paj-clearck","paj-sanbenito","put-cold","put-wildhorseck","rub-lc-us","rub-usph","russ-mwsprngck","salin-losburros","sancarp-dutrack","sfa-cami","sfeel-cedar","sfy-fallck","sfy-loga","sfy-misc","sfy-rockck","sfy-shadyck","sfy-springck","smith-hurdygurdyck","soquel-ebsc","ssantiam","trin-sftrinity","trin-sftrinity-sandybar","trin-tishtang","tuo-clavey","vandz-dinsmore","vandz-rootcreek","vandz-shanty"
"ala-arroyomocho",0.293283,0.317706,0.310692,0.342294,0.312597,0.315655,0.263399,0.274157,0.283214,0.295515,0.288173,0.277135,0.264553,0.265605,0.262823,0.264872,0.314941,0.326177,0.329687,0.299458,0.306133,0.30451,0.317033,0.316391,0.311488,0.324488,0.301704,0.299952,0.328168,0.305477,0.317174,0.298953,0.312076,0.303133,0.289554,0.183232,0.183509,0.321527,0.31221,0.309527,0.320648,0.272309,0.293011,0.278968,0.314743,0.281474,0.313607,0.301885,0.296727,0.31545,0.315733,0.319272,0.274412,0.120879,0.258366,0.236875,0.267603,0.275096,0.318599,0.258771,0.248966,0.28024
"bear",NA,0.097707,0.04392,0.048547,0.033896,0.126619,0.222916,0.204699,0.210501,0.207047,0.212051,0.236473,0.23094,0.216125,0.224441,0.223872,0.168621,0.154439,0.170355,0.131404,0.120016,0.088188,0.106769,0.117287,0.117764,0.105765,0.09848,0.087723,0.136997,0.088285,0.104254,0.203693,0.142047,0.136879,0.144102,0.335165,0.326176,0.2976,0.281703,0.158851,0.160941,0.25108,0.350573,0.339644,0.235339,0.243625,0.140033,0.116204,0.119691,0.131832,0.135005,0.135584,0.236659,0.318336,0.273133,0.202973,0.222503,0.223877,0.285391,0.218189,0.216827,0.23259
"bear-grhn",NA,NA,0.084334,0.164669,0.083334,0.128901,0.243573,0.240711,0.24415,0.261465,0.253325,0.257013,0.248397,0.237677,0.242475,0.249466,0.186478,0.167294,0.181777,0.140759,0.126957,0.091859,0.10483,0.117072,0.116429,0.102633,0.094678,0.09507,0.141592,0.089796,0.1049,0.232242,0.15395,0.138699,0.189947,0.370712,0.354325,0.318332,0.30061,0.164615,0.173007,0.27718,0.379721,0.369607,0.258331,0.264509,0.142785,0.117936,0.115166,0.128341,0.135489,0.133814,0.272984,0.34307,0.301654,0.223788,0.241032,0.244204,0.320602,0.238689,0.234623,0.26124
"bear-sth2",NA,NA,NA,0.11616,0.021609,0.12609,0.237296,0.234536,0.244002,0.257721,0.243901,0.250821,0.242345,0.229677,0.237117,0.240297,0.181381,0.165792,0.177774,0.133374,0.123468,0.082245,0.104122,0.097948,0.102854,0.086863,0.082452,0.084381,0.131424,0.079143,0.088982,0.232154,0.145469,0.138603,0.184093,0.360776,0.346264,0.308649,0.292578,0.145076,0.158231,0.267777,0.368445,0.358392,0.251498,0.254813,0.135888,0.121912,0.122992,0.117847,0.132575,0.132469,0.264976,0.335332,0.290205,0.213725,0.230689,0.236137,0.308172,0.231858,0.227186,0.253915
"bear-stha",NA,NA,NA,NA,0.108916,0.186192,0.259219,0.242277,0.254058,0.226864,0.237074,0.27647,0.275396,0.258653,0.272254,0.264143,0.238491,0.209797,0.231263,0.194651,0.162367,0.15697,0.171967,0.17796,0.180525,0.166094,0.173503,0.151566,0.184241,0.140787,0.166036,0.238317,0.207034,0.204601,0.181809,0.37875,0.366718,0.338827,0.319979,0.228317,0.216391,0.291529,0.392491,0.380322,0.286908,0.28245,0.205679,0.185333,0.195297,0.188552,0.189822,0.192017,0.267054,0.359562,0.317638,0.247313,0.268784,0.267552,0.338483,0.26581,0.270363,0.264748
"bear-sthc",NA,NA,NA,NA,NA,0.128691,0.241395,0.236557,0.238854,0.254075,0.249623,0.253621,0.246186,0.233809,0.240577,0.243375,0.173305,0.158375,0.176362,0.135469,0.130308,0.083398,0.10327,0.113081,0.111722,0.096433,0.091551,0.086231,0.137965,0.085214,0.098731,0.228703,0.146496,0.136458,0.176705,0.360315,0.348845,0.317998,0.299864,0.1544,0.166684,0.27099,0.371957,0.3625,0.24898,0.259157,0.138693,0.114883,0.116384,0.131154,0.13613,0.135852,0.269663,0.339419,0.295876,0.213851,0.235264,0.238587,0.306813,0.233466,0.228158,0.253725
"deer-clec",NA,NA,NA,NA,NA,NA,0.238493,0.232491,0.238184,0.248182,0.241857,0.250248,0.247234,0.233106,0.238539,0.238704,0.204158,0.190495,0.203403,0.140007,0.126738,0.12711,0.142792,0.150164,0.148152,0.136431,0.127593,0.12545,0.171369,0.120241,0.137309,0.226813,0.178653,0.137855,0.178105,0.36597,0.35211,0.313363,0.294885,0.184934,0.187726,0.26914,0.376049,0.363723,0.264656,0.253252,0.139402,0.121565,0.12146,0.126279,0.133609,0.137016,0.265573,0.340215,0.290799,0.214864,0.235621,0.238293,0.314337,0.232161,0.229277,0.24953
"eel",NA,NA,NA,NA,NA,NA,NA,0.227779,0.235841,0.236559,0.232394,0.038835,0.070691,0.076344,0.040995,0.033015,0.254168,0.258132,0.264865,0.2285,0.231077,0.230409,0.246487,0.245728,0.243035,0.24588,0.225579,0.228724,0.257741,0.22824,0.240467,0.182332,0.250949,0.233,0.231613,0.308005,0.298801,0.172875,0.129074,0.248357,0.260633,0.123713,0.3245,0.315855,0.277241,0.038574,0.236596,0.229785,0.229578,0.237783,0.240099,0.244301,0.135848,0.287966,0.236925,0.06306,0.065047,0.068026,0.296129,0.034302,0.040579,0.063131
"fea-beanck",NA,NA,NA,NA,NA,NA,NA,NA,0.006853,0.016606,0.014119,0.244426,0.235767,0.229286,0.230693,0.230478,0.264973,0.265293,0.273109,0.232629,0.229512,0.239863,0.244943,0.255687,0.243327,0.258773,0.232094,0.232541,0.257143,0.240994,0.248784,0.18755,0.24999,0.232017,0.195547,0.320818,0.312134,0.288315,0.275262,0.257522,0.256983,0.252556,0.338441,0.320213,0.272841,0.250794,0.239126,0.216505,0.218734,0.235439,0.239906,0.236288,0.240896,0.303774,0.234459,0.204853,0.228705,0.231058,0.288196,0.22303,0.216658,0.233325
"fea-spanish-bgulch",NA,NA,NA,NA,NA,NA,NA,NA,NA,0.016184,0.014632,0.252726,0.244539,0.237514,0.239494,0.23996,0.27068,0.271338,0.278006,0.241554,0.237447,0.24789,0.24886,0.265618,0.252973,0.268637,0.245744,0.236327,0.26685,0.249355,0.257501,0.193299,0.252864,0.239932,0.20758,0.334469,0.322173,0.301987,0.285485,0.264207,0.262574,0.26262,0.351001,0.33144,0.277524,0.261728,0.246952,0.221047,0.221565,0.242406,0.246382,0.248755,0.247059,0.312879,0.242339,0.217244,0.240537,0.239393,0.302047,0.232289,0.229384,0.244482
"fea-spanish-silverck",NA,NA,NA,NA,NA,NA,NA,NA,NA,NA,0.00763,0.253699,0.249359,0.238544,0.243383,0.242575,0.283237,0.284057,0.292253,0.248544,0.240619,0.2536,0.263912,0.27359,0.265204,0.272102,0.256855,0.243691,0.272612,0.252663,0.266863,0.193761,0.265255,0.25168,0.209106,0.340028,0.328917,0.303207,0.287593,0.280373,0.272452,0.261578,0.359154,0.33983,0.29461,0.26021,0.258684,0.238596,0.242735,0.256728,0.254947,0.25705,0.2378,0.320228,0.253715,0.218507,0.243533,0.240427,0.315312,0.234315,0.236777,0.242946
"fea-spanishck",NA,NA,NA,NA,NA,NA,NA,NA,NA,NA,NA,0.247317,0.243142,0.23521,0.239221,0.233177,0.281545,0.27988,0.287137,0.243169,0.235678,0.249789,0.258435,0.258875,0.251238,0.263274,0.242309,0.242171,0.260901,0.245557,0.255667,0.196853,0.26448,0.24467,0.212698,0.330529,0.322579,0.295241,0.281983,0.268397,0.268256,0.260738,0.348619,0.33294,0.288986,0.255745,0.244819,0.230872,0.237528,0.235704,0.248353,0.243155,0.244492,0.316181,0.243293,0.214205,0.234219,0.235125,0.300345,0.231821,0.227299,0.235568
"mad-mapleck",NA,NA,NA,NA,NA,NA,NA,NA,NA,NA,NA,NA,0.078937,0.087096,0.057925,0.048107,0.271404,0.270936,0.275858,0.241693,0.244697,0.24173,0.259868,0.25711,0.252817,0.257147,0.239085,0.240028,0.269287,0.241549,0.251912,0.196103,0.265095,0.245861,0.252466,0.319076,0.310648,0.191119,0.146987,0.264312,0.27173,0.14355,0.334987,0.326837,0.290694,0.054877,0.249849,0.247166,0.244249,0.246803,0.250332,0.254549,0.149077,0.300695,0.244405,0.067882,0.068959,0.074201,0.309325,0.043103,0.051226,0.06613
"mad-redwoodck",NA,NA,NA,NA,NA,NA,NA,NA,NA,NA,NA,NA,NA,0.020678,0.080516,0.081257,0.258419,0.261238,0.267898,0.235839,0.240815,0.235176,0.252101,0.253588,0.247272,0.252393,0.229138,0.233785,0.264177,0.237639,0.245533,0.198825,0.25622,0.238125,0.24256,0.311785,0.302709,0.201853,0.169063,0.252665,0.265364,0.147419,0.323478,0.313839,0.279385,0.088416,0.244316,0.238567,0.23554,0.244985,0.247783,0.251453,0.142621,0.290488,0.24071,0.075627,0.094409,0.096392,0.296901,0.072469,0.068839,0.101546
"mad-redwoodck2",NA,NA,NA,NA,NA,NA,NA,NA,NA,NA,NA,NA,NA,NA,0.086067,0.080622,0.246335,0.248791,0.25813,0.221172,0.22616,0.221078,0.240352,0.238285,0.234943,0.238001,0.216218,0.219173,0.253643,0.223853,0.233111,0.191799,0.246174,0.221988,0.22774,0.307791,0.301547,0.20533,0.172792,0.240456,0.255654,0.144892,0.324819,0.315645,0.270435,0.090843,0.229801,0.222728,0.221217,0.232002,0.233417,0.238665,0.14633,0.290931,0.236418,0.07561,0.096956,0.099192,0.289509,0.077938,0.073586,0.098941
"mat-bearriver",NA,NA,NA,NA,NA,NA,NA,NA,NA,NA,NA,NA,NA,NA,NA,0.033368,0.248973,0.254556,0.263365,0.228872,0.234024,0.228119,0.244601,0.249015,0.243333,0.247337,0.225312,0.226815,0.26086,0.231211,0.240569,0.186972,0.24746,0.229555,0.235524,0.309125,0.301984,0.187473,0.148153,0.246811,0.2594,0.131831,0.32595,0.315425,0.273856,0.050791,0.238507,0.23053,0.228126,0.243895,0.238856,0.246744,0.146036,0.288081,0.237515,0.069867,0.077905,0.08077,0.29493,0.0498,0.045293,0.085345
"mat-lowermattole",NA,NA,NA,NA,NA,NA,NA,NA,NA,NA,NA,NA,NA,NA,NA,NA,0.259064,0.257847,0.267795,0.228752,0.234299,0.230662,0.25061,0.247424,0.245849,0.249195,0.23052,0.229531,0.261902,0.230817,0.242665,0.186724,0.250538,0.232289,0.233008,0.30754,0.301602,0.179099,0.137114,0.250973,0.2612,0.128995,0.329437,0.319421,0.27807,0.032981,0.24126,0.235715,0.234104,0.240733,0.242646,0.252217,0.138723,0.2881,0.233259,0.073298,0.073244,0.077542,0.297641,0.045378,0.046307,0.069907
"mfa-amec",NA,NA,NA,NA,NA,NA,NA,NA,NA,NA,NA,NA,NA,NA,NA,NA,NA,0.118582,0.132533,0.194225,0.201573,0.151512,0.16741,0.183045,0.183714,0.174287,0.143648,0.152325,0.20752,0.151114,0.173997,0.257295,0.165526,0.198448,0.220569,0.368365,0.356249,0.335977,0.314886,0.173417,0.192001,0.274376,0.376146,0.364292,0.17091,0.273803,0.206509,0.186761,0.181302,0.211164,0.208665,0.21678,0.281156,0.345592,0.309838,0.218732,0.250961,0.25703,0.258875,0.244244,0.239181,0.270462
"mfa-gasc",NA,NA,NA,NA,NA,NA,NA,NA,NA,NA,NA,NA,NA,NA,NA,NA,NA,NA,0.09566,0.187751,0.187637,0.137059,0.152178,0.165966,0.1667,0.157207,0.132366,0.135064,0.188424,0.135298,0.157378,0.252614,0.154941,0.191588,0.214181,0.373942,0.364136,0.338268,0.320163,0.168807,0.18597,0.28054,0.387847,0.373759,0.203563,0.275394,0.194218,0.173655,0.173487,0.198833,0.192996,0.199944,0.28263,0.352545,0.315802,0.226081,0.254432,0.254303,0.287466,0.247361,0.242469,0.269902
"mfa-todc",NA,NA,NA,NA,NA,NA,NA,NA,NA,NA,NA,NA,NA,NA,NA,NA,NA,NA,NA,0.205416,0.200792,0.154224,0.168223,0.180448,0.180766,0.169417,0.146595,0.156655,0.195527,0.151464,0.169757,0.265096,0.171322,0.208614,0.23233,0.378181,0.366047,0.339607,0.322572,0.173958,0.19513,0.289627,0.387166,0.37668,0.212,0.281898,0.210223,0.187109,0.187787,0.207027,0.211339,0.214374,0.292923,0.357168,0.319844,0.235733,0.261632,0.264976,0.289311,0.257316,0.252771,0.278704
"mfy-oregck",NA,NA,NA,NA,NA,NA,NA,NA,NA,NA,NA,NA,NA,NA,NA,NA,NA,NA,NA,NA,0.074561,0.122707,0.145802,0.151525,0.153121,0.140057,0.118621,0.121942,0.180508,0.11937,0.136805,0.228915,0.174728,0.10716,0.161382,0.350878,0.342112,0.308769,0.290643,0.169621,0.192898,0.254792,0.361503,0.351044,0.261146,0.246261,0.114047,0.10074,0.101988,0.115873,0.116058,0.125513,0.256705,0.332357,0.276386,0.19749,0.220745,0.228404,0.301147,0.219125,0.210305,0.243697
"mfy-us-oh",NA,NA,NA,NA,NA,NA,NA,NA,NA,NA,NA,NA,NA,NA,NA,NA,NA,NA,NA,NA,NA,0.124314,0.135311,0.145118,0.151199,0.12701,0.119089,0.119767,0.165182,0.110877,0.127428,0.223005,0.173655,0.108995,0.155079,0.355374,0.342952,0.304515,0.288195,0.173855,0.186151,0.262911,0.366147,0.35726,0.261806,0.250738,0.118719,0.09895,0.099454,0.097804,0.109351,0.109432,0.259456,0.335125,0.287286,0.208954,0.225855,0.231548,0.306732,0.228887,0.226298,0.246668
"nfa",NA,NA,NA,NA,NA,NA,NA,NA,NA,NA,NA,NA,NA,NA,NA,NA,NA,NA,NA,NA,NA,NA,0.074823,0.051788,0.055523,0.044979,0.04342,0.019185,0.088845,0.04191,0.034458,0.230853,0.121323,0.124897,0.181439,0.350273,0.341243,0.308378,0.29147,0.117546,0.141625,0.253931,0.36034,0.352179,0.237049,0.248029,0.121872,0.114491,0.110661,0.128946,0.132905,0.135189,0.259896,0.333967,0.284657,0.195989,0.222551,0.227956,0.288957,0.218876,0.209121,0.240314
"nfa-bunc",NA,NA,NA,NA,NA,NA,NA,NA,NA,NA,NA,NA,NA,NA,NA,NA,NA,NA,NA,NA,NA,NA,NA,0.098527,0.100794,0.07828,0.073808,0.076565,0.124895,0.063607,0.086434,0.234397,0.140074,0.146786,0.189312,0.365606,0.354387,0.321781,0.303961,0.149322,0.162837,0.277017,0.376139,0.367704,0.242961,0.267213,0.150917,0.126153,0.125399,0.13913,0.143102,0.145443,0.275906,0.345014,0.305939,0.220285,0.241539,0.247028,0.307473,0.240916,0.23688,0.262185
"nfa-euchds",NA,NA,NA,NA,NA,NA,NA,NA,NA,NA,NA,NA,NA,NA,NA,NA,NA,NA,NA,NA,NA,NA,NA,NA,0.007488,0.058963,0.063351,0.063451,0.062206,0.06251,0.063956,0.259206,0.140445,0.16053,0.207941,0.368535,0.351946,0.320956,0.302482,0.130811,0.149694,0.274536,0.374376,0.367273,0.256433,0.262242,0.144695,0.147509,0.150756,0.141257,0.156783,0.155124,0.274419,0.343586,0.292685,0.222904,0.238245,0.246205,0.303215,0.243195,0.237023,0.261179
"nfa-euchus",NA,NA,NA,NA,NA,NA,NA,NA,NA,NA,NA,NA,NA,NA,NA,NA,NA,NA,NA,NA,NA,NA,NA,NA,NA,0.070134,0.069809,0.068212,0.064405,0.073086,0.070319,0.252574,0.139113,0.159068,0.206704,0.366384,0.345492,0.315687,0.299686,0.136031,0.150326,0.270151,0.368975,0.359471,0.253242,0.26011,0.147149,0.146604,0.141739,0.141178,0.154155,0.145958,0.269705,0.336607,0.28504,0.218712,0.240804,0.2449,0.301824,0.238078,0.230457,0.257535
"nfa-indc",NA,NA,NA,NA,NA,NA,NA,NA,NA,NA,NA,NA,NA,NA,NA,NA,NA,NA,NA,NA,NA,NA,NA,NA,NA,NA,0.054504,0.053858,0.090817,0.034567,0.054408,0.250166,0.13622,0.142984,0.209531,0.371612,0.359426,0.322646,0.304106,0.131183,0.149686,0.277249,0.379078,0.374366,0.25372,0.263686,0.136404,0.135316,0.134359,0.128664,0.140981,0.140808,0.279044,0.35003,0.307174,0.224771,0.239641,0.245413,0.311485,0.243653,0.24046,0.260599
"nfa-pond",NA,NA,NA,NA,NA,NA,NA,NA,NA,NA,NA,NA,NA,NA,NA,NA,NA,NA,NA,NA,NA,NA,NA,NA,NA,NA,NA,0.052406,0.10411,0.043025,0.06012,0.232912,0.118898,0.116482,0.186298,0.354565,0.339671,0.300823,0.286896,0.112286,0.141683,0.251722,0.360184,0.348911,0.231245,0.24535,0.119495,0.112283,0.10678,0.121565,0.12861,0.135609,0.2548,0.329495,0.285256,0.199707,0.218232,0.224094,0.282419,0.217942,0.212781,0.244428
"nfa-robr",NA,NA,NA,NA,NA,NA,NA,NA,NA,NA,NA,NA,NA,NA,NA,NA,NA,NA,NA,NA,NA,NA,NA,NA,NA,NA,NA,NA,0.096145,0.04774,0.038099,0.224872,0.12438,0.127641,0.172231,0.347198,0.337017,0.30345,0.285701,0.121517,0.144501,0.253989,0.358396,0.349375,0.231072,0.244779,0.123852,0.113309,0.110671,0.126587,0.131766,0.134743,0.254392,0.327463,0.282412,0.199705,0.222772,0.225625,0.286807,0.221016,0.214838,0.24071
"nfa-saic",NA,NA,NA,NA,NA,NA,NA,NA,NA,NA,NA,NA,NA,NA,NA,NA,NA,NA,NA,NA,NA,NA,NA,NA,NA,NA,NA,NA,NA,0.09405,0.088281,0.268221,0.163265,0.185522,0.222376,0.376836,0.358971,0.328848,0.313508,0.164427,0.168316,0.287377,0.381836,0.374296,0.271868,0.275925,0.171961,0.166537,0.166742,0.159129,0.17845,0.163943,0.284647,0.352422,0.303157,0.23726,0.255586,0.260358,0.320151,0.256069,0.255548,0.272377
"nfa-shic",NA,NA,NA,NA,NA,NA,NA,NA,NA,NA,NA,NA,NA,NA,NA,NA,NA,NA,NA,NA,NA,NA,NA,NA,NA,NA,NA,NA,NA,NA,0.054672,0.229427,0.123058,0.123659,0.176309,0.350757,0.340826,0.305521,0.287727,0.119089,0.141628,0.260659,0.362823,0.356228,0.233697,0.24621,0.124192,0.114596,0.113969,0.114203,0.123502,0.128583,0.26062,0.331171,0.292567,0.20575,0.223139,0.228033,0.292793,0.227121,0.224331,0.241835
"nfa-slar",NA,NA,NA,NA,NA,NA,NA,NA,NA,NA,NA,NA,NA,NA,NA,NA,NA,NA,NA,NA,NA,NA,NA,NA,NA,NA,NA,NA,NA,NA,NA,0.245154,0.13615,0.140869,0.19699,0.367205,0.352961,0.318387,0.301449,0.13417,0.148486,0.270121,0.373586,0.366221,0.253345,0.25828,0.131858,0.125554,0.130139,0.128979,0.139561,0.138441,0.270574,0.343584,0.297023,0.21593,0.236658,0.241541,0.306943,0.234365,0.22985,0.25624
"nff-poe",NA,NA,NA,NA,NA,NA,NA,NA,NA,NA,NA,NA,NA,NA,NA,NA,NA,NA,NA,NA,NA,NA,NA,NA,NA,NA,NA,NA,NA,NA,NA,NA,0.250119,0.225756,0.213596,0.348056,0.337043,0.279708,0.251988,0.26922,0.2672,0.232615,0.36649,0.352398,0.28795,0.202285,0.250994,0.223273,0.222741,0.242152,0.232116,0.242892,0.211968,0.323782,0.281136,0.154919,0.165152,0.16207,0.330344,0.178763,0.186991,0.193653
"nfmfa-sc",NA,NA,NA,NA,NA,NA,NA,NA,NA,NA,NA,NA,NA,NA,NA,NA,NA,NA,NA,NA,NA,NA,NA,NA,NA,NA,NA,NA,NA,NA,NA,NA,NA,0.177443,0.202949,0.361203,0.351102,0.324077,0.30813,0.083713,0.100772,0.276612,0.370394,0.359909,0.232845,0.268491,0.176863,0.156961,0.157374,0.17703,0.185568,0.181183,0.278842,0.341841,0.291861,0.221043,0.246475,0.250856,0.290852,0.241326,0.23332,0.26517
"nfy",NA,NA,NA,NA,NA,NA,NA,NA,NA,NA,NA,NA,NA,NA,NA,NA,NA,NA,NA,NA,NA,NA,NA,NA,NA,NA,NA,NA,NA,NA,NA,NA,NA,NA,0.147748,0.35452,0.345453,0.312969,0.29524,0.173984,0.196278,0.255598,0.367153,0.355062,0.265293,0.248871,0.122011,0.107898,0.107186,0.126512,0.120776,0.136282,0.261401,0.334661,0.282306,0.199555,0.225531,0.23001,0.304141,0.219912,0.211582,0.245763
"nfy-slate-cgrav",NA,NA,NA,NA,NA,NA,NA,NA,NA,NA,NA,NA,NA,NA,NA,NA,NA,NA,NA,NA,NA,NA,NA,NA,NA,NA,NA,NA,NA,NA,NA,NA,NA,NA,NA,0.344693,0.331516,0.303605,0.288534,0.213123,0.225103,0.253987,0.352924,0.340258,0.258375,0.254317,0.188754,0.155146,0.162139,0.178849,0.178297,0.182254,0.238003,0.318543,0.26535,0.21149,0.232926,0.239934,0.296337,0.225335,0.224231,0.247064
"paj-clearck",NA,NA,NA,NA,NA,NA,NA,NA,NA,NA,NA,NA,NA,NA,NA,NA,NA,NA,NA,NA,NA,NA,NA,NA,NA,NA,NA,NA,NA,NA,NA,NA,NA,NA,NA,NA,0.031008,0.375454,0.358518,0.364516,0.368809,0.318438,0.341971,0.327649,0.364531,0.325115,0.359184,0.350062,0.350551,0.365435,0.36114,0.370734,0.315383,0.208222,0.307939,0.279448,0.314288,0.317766,0.372326,0.304673,0.295972,0.320653
"paj-sanbenito",NA,NA,NA,NA,NA,NA,NA,NA,NA,NA,NA,NA,NA,NA,NA,NA,NA,NA,NA,NA,NA,NA,NA,NA,NA,NA,NA,NA,NA,NA,NA,NA,NA,NA,NA,NA,NA,0.361421,0.34611,0.348999,0.35506,0.311643,0.327197,0.318585,0.350637,0.317957,0.344838,0.338827,0.338084,0.347248,0.349803,0.351667,0.309978,0.206922,0.299703,0.271784,0.306002,0.310204,0.355622,0.297323,0.286543,0.311304
"put-cold",NA,NA,NA,NA,NA,NA,NA,NA,NA,NA,NA,NA,NA,NA,NA,NA,NA,NA,NA,NA,NA,NA,NA,NA,NA,NA,NA,NA,NA,NA,NA,NA,NA,NA,NA,NA,NA,NA,0.130048,0.320891,0.331071,0.225161,0.385652,0.375404,0.343517,0.193252,0.314281,0.30836,0.305644,0.30671,0.318046,0.318466,0.24251,0.349642,0.288161,0.185381,0.202568,0.207182,0.359906,0.186713,0.179652,0.203596
"put-wildhorseck",NA,NA,NA,NA,NA,NA,NA,NA,NA,NA,NA,NA,NA,NA,NA,NA,NA,NA,NA,NA,NA,NA,NA,NA,NA,NA,NA,NA,NA,NA,NA,NA,NA,NA,NA,NA,NA,NA,NA,0.304632,0.314313,0.193986,0.370348,0.361602,0.326276,0.148555,0.297101,0.291832,0.290729,0.289163,0.2993,0.300495,0.217968,0.335301,0.279116,0.15884,0.164084,0.170009,0.347177,0.147173,0.147118,0.160477
"rub-lc-us",NA,NA,NA,NA,NA,NA,NA,NA,NA,NA,NA,NA,NA,NA,NA,NA,NA,NA,NA,NA,NA,NA,NA,NA,NA,NA,NA,NA,NA,NA,NA,NA,NA,NA,NA,NA,NA,NA,NA,NA,0.082573,0.269321,0.366278,0.357324,0.239314,0.264894,0.17529,0.16977,0.165715,0.177182,0.18795,0.187835,0.277792,0.338385,0.287513,0.217051,0.240051,0.249481,0.285796,0.241214,0.23021,0.26822
"rub-usph",NA,NA,NA,NA,NA,NA,NA,NA,NA,NA,NA,NA,NA,NA,NA,NA,NA,NA,NA,NA,NA,NA,NA,NA,NA,NA,NA,NA,NA,NA,NA,NA,NA,NA,NA,NA,NA,NA,NA,NA,NA,0.284868,0.378673,0.367804,0.251866,0.276895,0.192485,0.179023,0.179548,0.184321,0.196633,0.190843,0.288093,0.348677,0.297865,0.236218,0.256928,0.262682,0.302545,0.25555,0.251069,0.272141
"russ-mwsprngck",NA,NA,NA,NA,NA,NA,NA,NA,NA,NA,NA,NA,NA,NA,NA,NA,NA,NA,NA,NA,NA,NA,NA,NA,NA,NA,NA,NA,NA,NA,NA,NA,NA,NA,NA,NA,NA,NA,NA,NA,NA,NA,0.330689,0.319579,0.293697,0.13989,0.261445,0.257047,0.255716,0.272033,0.272431,0.275899,0.190494,0.302407,0.248356,0.107496,0.146231,0.152311,0.304817,0.125437,0.114254,0.145092
"salin-losburros",NA,NA,NA,NA,NA,NA,NA,NA,NA,NA,NA,NA,NA,NA,NA,NA,NA,NA,NA,NA,NA,NA,NA,NA,NA,NA,NA,NA,NA,NA,NA,NA,NA,NA,NA,NA,NA,NA,NA,NA,NA,NA,NA,0.106782,0.370913,0.342443,0.369459,0.36878,0.364069,0.366713,0.375083,0.379831,0.335577,0.33116,0.321337,0.292827,0.32823,0.332972,0.376255,0.323314,0.313402,0.341236
"sancarp-dutrack",NA,NA,NA,NA,NA,NA,NA,NA,NA,NA,NA,NA,NA,NA,NA,NA,NA,NA,NA,NA,NA,NA,NA,NA,NA,NA,NA,NA,NA,NA,NA,NA,NA,NA,NA,NA,NA,NA,NA,NA,NA,NA,NA,NA,0.359227,0.333408,0.356453,0.35233,0.348223,0.358137,0.366496,0.367517,0.323711,0.324999,0.3061,0.282234,0.319449,0.323582,0.358391,0.310544,0.297799,0.330817
"sfa-cami",NA,NA,NA,NA,NA,NA,NA,NA,NA,NA,NA,NA,NA,NA,NA,NA,NA,NA,NA,NA,NA,NA,NA,NA,NA,NA,NA,NA,NA,NA,NA,NA,NA,NA,NA,NA,NA,NA,NA,NA,NA,NA,NA,NA,NA,0.294927,0.270738,0.24975,0.246352,0.268584,0.269911,0.272073,0.296895,0.340481,0.303622,0.24865,0.274776,0.280234,0.205438,0.269737,0.264765,0.290001
"sfeel-cedar",NA,NA,NA,NA,NA,NA,NA,NA,NA,NA,NA,NA,NA,NA,NA,NA,NA,NA,NA,NA,NA,NA,NA,NA,NA,NA,NA,NA,NA,NA,NA,NA,NA,NA,NA,NA,NA,NA,NA,NA,NA,NA,NA,NA,NA,NA,0.254035,0.252571,0.251673,0.254863,0.257011,0.262864,0.157325,0.306272,0.25179,0.079254,0.082821,0.085712,0.313297,0.053614,0.056884,0.083555
"sfy-fallck",NA,NA,NA,NA,NA,NA,NA,NA,NA,NA,NA,NA,NA,NA,NA,NA,NA,NA,NA,NA,NA,NA,NA,NA,NA,NA,NA,NA,NA,NA,NA,NA,NA,NA,NA,NA,NA,NA,NA,NA,NA,NA,NA,NA,NA,NA,NA,0.06531,0.063415,0.073938,0.121244,0.085437,0.265972,0.33826,0.276889,0.207916,0.235048,0.240317,0.306975,0.228054,0.222634,0.252899
"sfy-loga",NA,NA,NA,NA,NA,NA,NA,NA,NA,NA,NA,NA,NA,NA,NA,NA,NA,NA,NA,NA,NA,NA,NA,NA,NA,NA,NA,NA,NA,NA,NA,NA,NA,NA,NA,NA,NA,NA,NA,NA,NA,NA,NA,NA,NA,NA,NA,NA,0.020798,0.072849,0.10575,0.070245,0.257319,0.329351,0.27196,0.207039,0.22952,0.232884,0.298597,0.222885,0.215527,0.24799
"sfy-misc",NA,NA,NA,NA,NA,NA,NA,NA,NA,NA,NA,NA,NA,NA,NA,NA,NA,NA,NA,NA,NA,NA,NA,NA,NA,NA,NA,NA,NA,NA,NA,NA,NA,NA,NA,NA,NA,NA,NA,NA,NA,NA,NA,NA,NA,NA,NA,NA,NA,0.070499,0.102915,0.079943,0.259275,0.328392,0.277832,0.200292,0.225317,0.229687,0.290816,0.218706,0.213464,0.245434
"sfy-rockck",NA,NA,NA,NA,NA,NA,NA,NA,NA,NA,NA,NA,NA,NA,NA,NA,NA,NA,NA,NA,NA,NA,NA,NA,NA,NA,NA,NA,NA,NA,NA,NA,NA,NA,NA,NA,NA,NA,NA,NA,NA,NA,NA,NA,NA,NA,NA,NA,NA,NA,0.105097,0.034649,0.265765,0.337097,0.285723,0.224431,0.235708,0.241487,0.318441,0.238949,0.238509,0.254731
"sfy-shadyck",NA,NA,NA,NA,NA,NA,NA,NA,NA,NA,NA,NA,NA,NA,NA,NA,NA,NA,NA,NA,NA,NA,NA,NA,NA,NA,NA,NA,NA,NA,NA,NA,NA,NA,NA,NA,NA,NA,NA,NA,NA,NA,NA,NA,NA,NA,NA,NA,NA,NA,NA,0.116271,0.270207,0.342552,0.295459,0.215721,0.235176,0.240226,0.316506,0.233799,0.229149,0.251746
"sfy-springck",NA,NA,NA,NA,NA,NA,NA,NA,NA,NA,NA,NA,NA,NA,NA,NA,NA,NA,NA,NA,NA,NA,NA,NA,NA,NA,NA,NA,NA,NA,NA,NA,NA,NA,NA,NA,NA,NA,NA,NA,NA,NA,NA,NA,NA,NA,NA,NA,NA,NA,NA,NA,0.27128,0.345498,0.287031,0.226917,0.246672,0.247582,0.319417,0.241899,0.240999,0.261821
"smith-hurdygurdyck",NA,NA,NA,NA,NA,NA,NA,NA,NA,NA,NA,NA,NA,NA,NA,NA,NA,NA,NA,NA,NA,NA,NA,NA,NA,NA,NA,NA,NA,NA,NA,NA,NA,NA,NA,NA,NA,NA,NA,NA,NA,NA,NA,NA,NA,NA,NA,NA,NA,NA,NA,NA,NA,0.302816,0.231602,0.122438,0.145087,0.145792,0.308514,0.134039,0.133303,0.154913
"soquel-ebsc",NA,NA,NA,NA,NA,NA,NA,NA,NA,NA,NA,NA,NA,NA,NA,NA,NA,NA,NA,NA,NA,NA,NA,NA,NA,NA,NA,NA,NA,NA,NA,NA,NA,NA,NA,NA,NA,NA,NA,NA,NA,NA,NA,NA,NA,NA,NA,NA,NA,NA,NA,NA,NA,NA,0.299703,0.261986,0.291931,0.298564,0.350035,0.285999,0.275884,0.30123
"ssantiam",NA,NA,NA,NA,NA,NA,NA,NA,NA,NA,NA,NA,NA,NA,NA,NA,NA,NA,NA,NA,NA,NA,NA,NA,NA,NA,NA,NA,NA,NA,NA,NA,NA,NA,NA,NA,NA,NA,NA,NA,NA,NA,NA,NA,NA,NA,NA,NA,NA,NA,NA,NA,NA,NA,NA,0.213956,0.24436,0.244995,0.297193,0.229759,0.217724,0.241685
"trin-sftrinity",NA,NA,NA,NA,NA,NA,NA,NA,NA,NA,NA,NA,NA,NA,NA,NA,NA,NA,NA,NA,NA,NA,NA,NA,NA,NA,NA,NA,NA,NA,NA,NA,NA,NA,NA,NA,NA,NA,NA,NA,NA,NA,NA,NA,NA,NA,NA,NA,NA,NA,NA,NA,NA,NA,NA,NA,0.038096,0.035762,0.26333,0.049537,0.049915,0.079073
"trin-sftrinity-sandybar",NA,NA,NA,NA,NA,NA,NA,NA,NA,NA,NA,NA,NA,NA,NA,NA,NA,NA,NA,NA,NA,NA,NA,NA,NA,NA,NA,NA,NA,NA,NA,NA,NA,NA,NA,NA,NA,NA,NA,NA,NA,NA,NA,NA,NA,NA,NA,NA,NA,NA,NA,NA,NA,NA,NA,NA,NA,0.018296,0.295035,0.064038,0.070051,0.096378
"trin-tishtang",NA,NA,NA,NA,NA,NA,NA,NA,NA,NA,NA,NA,NA,NA,NA,NA,NA,NA,NA,NA,NA,NA,NA,NA,NA,NA,NA,NA,NA,NA,NA,NA,NA,NA,NA,NA,NA,NA,NA,NA,NA,NA,NA,NA,NA,NA,NA,NA,NA,NA,NA,NA,NA,NA,NA,NA,NA,NA,0.301481,0.0642,0.068001,0.093823
"tuo-clavey",NA,NA,NA,NA,NA,NA,NA,NA,NA,NA,NA,NA,NA,NA,NA,NA,NA,NA,NA,NA,NA,NA,NA,NA,NA,NA,NA,NA,NA,NA,NA,NA,NA,NA,NA,NA,NA,NA,NA,NA,NA,NA,NA,NA,NA,NA,NA,NA,NA,NA,NA,NA,NA,NA,NA,NA,NA,NA,NA,0.28729,0.276665,0.313284
"vandz-dinsmore",NA,NA,NA,NA,NA,NA,NA,NA,NA,NA,NA,NA,NA,NA,NA,NA,NA,NA,NA,NA,NA,NA,NA,NA,NA,NA,NA,NA,NA,NA,NA,NA,NA,NA,NA,NA,NA,NA,NA,NA,NA,NA,NA,NA,NA,NA,NA,NA,NA,NA,NA,NA,NA,NA,NA,NA,NA,NA,NA,NA,0.029636,0.060419
"vandz-rootcreek",NA,NA,NA,NA,NA,NA,NA,NA,NA,NA,NA,NA,NA,NA,NA,NA,NA,NA,NA,NA,NA,NA,NA,NA,NA,NA,NA,NA,NA,NA,NA,NA,NA,NA,NA,NA,NA,NA,NA,NA,NA,NA,NA,NA,NA,NA,NA,NA,NA,NA,NA,NA,NA,NA,NA,NA,NA,NA,NA,NA,NA,0.080371
